,Role,Description,JobPosted
0,Junior Cloud Native Developer,Full-time · Delaware · 1 - 2 Years,2 months ago
1,Senior DevOps Engineer,Full-time · Hyderabad · 3 - 10 Years,2 months ago
2,Lead DevOps Engineer,Full-time · Hyderabad · 5 - 11 Years,2 months ago
3,Site Reliability Engineer,Full-time · New York · 1 - 3 Years,2 months ago
4,OSS DevOps Engineer,Full-time · Hyderabad · 6 - 12 Years,2 months ago
5,Sr SDET,Full-time · New York · 3 - 10 Years,2 months ago
6,Engineering Lead,Full-time · Mauritius · 7 - 18 Years,2 months ago
7,Machine Learning Engineer,Full-time · Hyderabad · 3 - 5 Years,2 months ago
8,Sr. Microservices Developer,Full-time · Hyderabad · 4 - 9 Years,a month ago
9,SOA Consultant,Full-time · Hyderabad · 0 - 1 Years,a month ago
10,Android Mobile Developer,Full-time · mauritius · 3 - 8 Years,a month ago
11,Associate Cloud Engineer,Full-time · Hyderabad · 0 - 3 Years,a month ago
12,Sr Full Stack Developer,Full-time · Mauritius · 3 - 8 Years,a month ago
13,Sr SAP PI/PO Developer,Contract · New Jersey · 7 - 12 Years,a month ago
14,Blockchain Developer,Full-time · Hyderabad · 1 - 4 Years,a month ago
15,Associate QA Engineer,Full-time · Hyderabad · 1 - 3 Years,19 days ago
16,Solution Architect,Full-time · Hyderabad · 9 - 15 Years,19 days ago
17,Networking & Security Specialist,Full-time · Hyderabad · 2 - 6 Years,18 days ago
18,System Engineer,Internship · Mauritius · 0 - 1 Years,18 days ago
19,Embedded Engineer,Full-time · Hyderabad · 2 - 4 Years,13 days ago
20,Data Scientist Intern,Internship · Hyderabad · 0 - 4 Years,12 days ago
21,Cloud Native Developer,Full-time · Hyderabad · 2 - 5 Years,10 days ago
22,Senior Cloud Specialist,Full-time · Singapore · 5 - 10 Years,9 days ago
23,Big Data Intern,Internship · Hyderabad · 0 - 2 Years,5 days ago
